-- --------------------------------------------------------
-- Host:                         127.0.0.1
-- Wersja serwera:               5.5.36 - MySQL Community Server (GPL)
-- Serwer OS:                    Win32
-- HeidiSQL Wersja:              8.3.0.4694
-- --------------------------------------------------------

/*!40101 SET @OLD_CHARACTER_SET_CLIENT=@@CHARACTER_SET_CLIENT */;
/*!40101 SET NAMES utf8 */;
/*!40014 SET @OLD_FOREIGN_KEY_CHECKS=@@FOREIGN_KEY_CHECKS, FOREIGN_KEY_CHECKS=0 */;
/*!40101 SET @OLD_SQL_MODE=@@SQL_MODE, SQL_MODE='NO_AUTO_VALUE_ON_ZERO' */;

-- Zrzut struktury bazy danych axdb
DROP DATABASE IF EXISTS `axdb`;
CREATE DATABASE IF NOT EXISTS `axdb` /*!40100 DEFAULT CHARACTER SET utf8 */;
USE `axdb`;


-- Zrzut struktury tabela axdb.brands
DROP TABLE IF EXISTS `brands`;
CREATE TABLE IF NOT EXISTS `brands` (
  `id_brands` int(10) unsigned NOT NULL,
  `brand_name` varchar(255) DEFAULT NULL,
  PRIMARY KEY (`id_brands`)
) ENGINE=InnoDB DEFAULT CHARSET=utf8;

-- Zrzucanie danych dla tabeli axdb.brands: ~17 rows (około)
DELETE FROM `brands`;
/*!40000 ALTER TABLE `brands` DISABLE KEYS */;
INSERT INTO `brands` (`id_brands`, `brand_name`) VALUES
	(100, 'edding'),
	(101, 'Tarifold'),
	(102, 'Legamaster'),
	(103, '3L'),
	(104, 'FILA'),
	(105, 'Lyra'),
	(106, ' Memoboards'),
	(107, 'Kum'),
	(108, 'Laco'),
	(109, 'Pratel'),
	(110, 'Beifa'),
	(111, 'Lambo School'),
	(112, 'Compassi'),
	(113, 'Profice'),
	(114, 'Tropik'),
	(115, 'Bruliony '),
	(116, 'Plecaki i piórniki');
/*!40000 ALTER TABLE `brands` ENABLE KEYS */;


-- Zrzut struktury tabela axdb.cost_center
DROP TABLE IF EXISTS `cost_center`;
CREATE TABLE IF NOT EXISTS `cost_center` (
  `id_center` int(10) unsigned NOT NULL,
  `center_name` varchar(255) DEFAULT NULL,
  `head_name` varchar(255) DEFAULT NULL,
  PRIMARY KEY (`id_center`)
) ENGINE=InnoDB DEFAULT CHARSET=utf8;

-- Zrzucanie danych dla tabeli axdb.cost_center: ~18 rows (około)
DELETE FROM `cost_center`;
/*!40000 ALTER TABLE `cost_center` DISABLE KEYS */;
INSERT INTO `cost_center` (`id_center`, `center_name`, `head_name`) VALUES
	(50211, 'Rynek Tradycyjny', 'Przetaczek'),
	(50212, 'Rynek Nowoczesny', 'Piotrowski'),
	(50213, 'Sprzedaż zagraniczna', 'Wolańska'),
	(50214, 'Ogólne', 'Wojnar'),
	(50331, 'Marketing', 'Bogacz'),
	(50332, 'Zakupy i logistyka wejścia', 'Biernat'),
	(50333, 'Konfekcjonowanie', 'Biernat'),
	(50334, 'Magazyn', 'Biernat'),
	(50335, 'Transport obcy', 'Heliasz'),
	(50336, 'Transport własny', 'Prezes'),
	(55051, 'Zarząd', 'Młynarczyk-Misiuda'),
	(55052, 'Finanse', 'Rajczyk'),
	(55053, 'Informatyka', 'Rajczyk'),
	(55054, 'Administracja', 'Rajczyk'),
	(55055, 'Księgowość', 'Młynarczyk-Misiuda'),
	(55056, 'Kadry i Płace', 'Rajczyk'),
	(55057, 'Pełnomocnicy i doradcy', NULL),
	(55060, 'Grupa AMEX', NULL);
/*!40000 ALTER TABLE `cost_center` ENABLE KEYS */;


-- Zrzut struktury tabela axdb.cost_on_center
DROP TABLE IF EXISTS `cost_on_center`;
CREATE TABLE IF NOT EXISTS `cost_on_center` (
  `id_coc` int(10) unsigned NOT NULL AUTO_INCREMENT,
  `plannedOnCenter` int(10) unsigned NOT NULL,
  `planned_by` int(10) unsigned NOT NULL,
  `id_cost` int(10) unsigned NOT NULL,
  PRIMARY KEY (`id_coc`),
  KEY `Which_Center` (`plannedOnCenter`),
  KEY `Responsible` (`planned_by`),
  KEY `Cost_In_Center` (`id_cost`),
  CONSTRAINT `Cost_In_Center` FOREIGN KEY (`id_cost`) REFERENCES `cost_type` (`id_cost`),
  CONSTRAINT `Responsible` FOREIGN KEY (`planned_by`) REFERENCES `cost_center` (`id_center`),
  CONSTRAINT `Which_Center` FOREIGN KEY (`plannedOnCenter`) REFERENCES `cost_center` (`id_center`)
) ENGINE=InnoDB AUTO_INCREMENT=1828 DEFAULT CHARSET=latin1;

-- Zrzucanie danych dla tabeli axdb.cost_on_center: ~992 rows (około)
DELETE FROM `cost_on_center`;
/*!40000 ALTER TABLE `cost_on_center` DISABLE KEYS */;
INSERT INTO `cost_on_center` (`id_coc`, `plannedOnCenter`, `planned_by`, `id_cost`) VALUES
	(1, 50211, 50211, 4031201),
	(2, 50211, 50211, 4031202),
	(3, 50211, 50211, 4031301),
	(4, 50211, 50211, 4031302),
	(5, 50211, 50211, 4031303),
	(6, 50211, 50211, 4031304),
	(7, 50211, 50211, 4031305),
	(8, 50211, 50211, 4070600),
	(16, 50212, 50212, 4031101),
	(17, 50212, 50212, 4031201),
	(18, 50212, 50212, 4031202),
	(19, 50212, 50212, 4031301),
	(20, 50212, 50212, 4031302),
	(21, 50212, 50212, 4031303),
	(22, 50212, 50212, 4031304),
	(23, 50212, 50212, 4031305),
	(24, 50212, 50212, 4031400),
	(25, 50212, 50212, 4070600),
	(31, 50213, 50213, 4031000),
	(32, 50213, 50213, 4031201),
	(33, 50213, 50213, 4031202),
	(34, 50213, 50213, 4031301),
	(35, 50213, 50213, 4031302),
	(36, 50213, 50213, 4031303),
	(37, 50213, 50213, 4031304),
	(38, 50213, 50213, 4031305),
	(39, 50213, 50213, 4070600),
	(40, 50214, 50214, 4070600),
	(41, 50331, 50331, 4020900),
	(42, 50331, 50331, 4031703),
	(43, 50331, 50331, 4030704),
	(44, 50331, 50331, 4030705),
	(45, 50331, 50331, 4070304),
	(46, 50331, 50331, 4070306),
	(47, 50331, 50331, 4070307),
	(48, 50331, 50331, 4070308),
	(49, 50331, 50331, 4070402),
	(50, 50331, 50331, 4070403),
	(51, 50332, 50332, 4020500),
	(52, 50332, 50332, 4031000),
	(53, 50333, 50333, 4020500),
	(54, 50334, 50334, 4020500),
	(55, 50336, 50336, 4040200),
	(56, 50336, 50336, 4040400),
	(57, 55051, 55051, 4070201),
	(58, 55051, 55051, 4070202),
	(59, 55052, 55052, 4030300),
	(60, 55053, 55053, 4030400),
	(61, 55054, 55054, 4020100),
	(62, 55054, 55054, 4020600),
	(63, 55054, 55054, 4030700),
	(64, 55054, 55054, 4030901),
	(65, 55054, 55054, 4030902),
	(66, 55054, 55054, 4030903),
	(67, 55054, 55054, 4030905),
	(68, 55054, 55054, 4070502),
	(69, 55056, 55056, 4040500),
	(70, 55056, 55056, 4060300),
	(71, 55057, 55057, 4040500),
	(72, 55057, 55057, 4060300),
	(94, 50211, 50214, 4070101),
	(95, 50212, 50214, 4070101),
	(96, 50213, 50214, 4070101),
	(97, 50214, 50214, 4070101),
	(98, 50331, 50214, 4070101),
	(99, 50332, 50214, 4070101),
	(100, 50333, 50214, 4070101),
	(101, 50334, 50214, 4070101),
	(102, 50335, 50214, 4070101),
	(103, 50336, 50214, 4070101),
	(104, 55051, 50214, 4070101),
	(105, 55052, 50214, 4070101),
	(106, 55053, 50214, 4070101),
	(107, 55054, 50214, 4070101),
	(108, 55055, 50214, 4070101),
	(109, 55056, 50214, 4070101),
	(110, 55057, 50214, 4070101),
	(111, 50211, 50214, 4070102),
	(112, 50212, 50214, 4070102),
	(113, 50213, 50214, 4070102),
	(114, 50214, 50214, 4070102),
	(115, 50331, 50214, 4070102),
	(116, 50332, 50214, 4070102),
	(117, 50333, 50214, 4070102),
	(118, 50334, 50214, 4070102),
	(119, 50335, 50214, 4070102),
	(120, 50336, 50214, 4070102),
	(121, 55051, 50214, 4070102),
	(122, 55052, 50214, 4070102),
	(123, 55053, 50214, 4070102),
	(124, 55054, 50214, 4070102),
	(125, 55055, 50214, 4070102),
	(126, 55056, 50214, 4070102),
	(127, 55057, 50214, 4070102),
	(128, 50211, 50214, 4070401),
	(129, 50212, 50214, 4070401),
	(130, 50213, 50214, 4070401),
	(157, 50211, 50331, 4020700),
	(158, 50212, 50331, 4020700),
	(159, 50213, 50331, 4020700),
	(160, 50331, 50331, 4020700),
	(161, 50211, 50331, 4020800),
	(162, 50212, 50331, 4020800),
	(163, 50213, 50331, 4020800),
	(164, 50214, 50331, 4020800),
	(165, 50331, 50331, 4020800),
	(166, 50332, 50331, 4020800),
	(167, 50333, 50331, 4020800),
	(168, 50334, 50331, 4020800),
	(169, 50335, 50331, 4020800),
	(170, 50336, 50331, 4020800),
	(171, 55051, 50331, 4020800),
	(172, 55052, 50331, 4020800),
	(173, 55053, 50331, 4020800),
	(174, 55054, 50331, 4020800),
	(175, 55055, 50331, 4020800),
	(176, 55056, 50331, 4020800),
	(177, 55057, 50331, 4020800),
	(178, 50211, 50331, 4070301),
	(179, 50212, 50331, 4070301),
	(180, 50213, 50331, 4070301),
	(181, 50331, 50331, 4070301),
	(182, 50211, 50331, 4070302),
	(183, 50212, 50331, 4070302),
	(184, 50213, 50331, 4070302),
	(185, 50331, 50331, 4070302),
	(186, 50211, 50331, 4070303),
	(187, 50212, 50331, 4070303),
	(188, 50213, 50331, 4070303),
	(189, 50331, 50331, 4070303),
	(190, 50211, 50331, 4070405),
	(191, 50212, 50331, 4070405),
	(192, 50213, 50331, 4070405),
	(193, 50331, 50331, 4070405),
	(220, 50211, 50335, 4031102),
	(221, 50212, 50335, 4031102),
	(222, 50213, 50335, 4031102),
	(223, 50211, 50336, 4020301),
	(224, 50212, 50336, 4020301),
	(225, 50213, 50336, 4020301),
	(226, 50214, 50336, 4020301),
	(227, 50331, 50336, 4020301),
	(228, 50332, 50336, 4020301),
	(229, 50333, 50336, 4020301),
	(230, 50334, 50336, 4020301),
	(231, 50335, 50336, 4020301),
	(232, 50336, 50336, 4020301),
	(233, 55051, 50336, 4020301),
	(234, 55052, 50336, 4020301),
	(235, 55053, 50336, 4020301),
	(236, 55054, 50336, 4020301),
	(237, 55055, 50336, 4020301),
	(238, 55056, 50336, 4020301),
	(239, 55057, 50336, 4020301),
	(240, 50211, 50336, 4020302),
	(241, 50212, 50336, 4020302),
	(242, 50213, 50336, 4020302),
	(243, 50214, 50336, 4020302),
	(244, 50331, 50336, 4020302),
	(245, 50332, 50336, 4020302),
	(246, 50333, 50336, 4020302),
	(247, 50334, 50336, 4020302),
	(248, 50335, 50336, 4020302),
	(249, 50336, 50336, 4020302),
	(250, 55051, 50336, 4020302),
	(251, 55052, 50336, 4020302),
	(252, 55053, 50336, 4020302),
	(253, 55054, 50336, 4020302),
	(254, 55055, 50336, 4020302),
	(255, 55056, 50336, 4020302),
	(256, 55057, 50336, 4020302),
	(257, 50211, 50336, 4030801),
	(258, 50212, 50336, 4030801),
	(259, 50213, 50336, 4030801),
	(260, 50214, 50336, 4030801),
	(261, 50331, 50336, 4030801),
	(262, 50332, 50336, 4030801),
	(263, 50333, 50336, 4030801),
	(264, 50334, 50336, 4030801),
	(265, 50335, 50336, 4030801),
	(266, 50336, 50336, 4030801),
	(267, 55051, 50336, 4030801),
	(268, 55052, 50336, 4030801),
	(269, 55053, 50336, 4030801),
	(270, 55054, 50336, 4030801),
	(271, 55055, 50336, 4030801),
	(272, 55056, 50336, 4030801),
	(273, 55057, 50336, 4030801),
	(274, 50211, 50336, 4030802),
	(275, 50212, 50336, 4030802),
	(276, 50213, 50336, 4030802),
	(277, 50214, 50336, 4030802),
	(278, 50331, 50336, 4030802),
	(279, 50332, 50336, 4030802),
	(280, 50333, 50336, 4030802),
	(281, 50334, 50336, 4030802),
	(282, 50335, 50336, 4030802),
	(283, 50336, 50336, 4030802),
	(284, 55051, 50336, 4030802),
	(285, 55052, 50336, 4030802),
	(286, 55053, 50336, 4030802),
	(287, 55054, 50336, 4030802),
	(288, 55055, 50336, 4030802),
	(289, 55056, 50336, 4030802),
	(290, 55057, 50336, 4030802),
	(291, 50211, 50336, 4030803),
	(292, 50212, 50336, 4030803),
	(293, 50213, 50336, 4030803),
	(294, 50214, 50336, 4030803),
	(295, 50331, 50336, 4030803),
	(296, 50332, 50336, 4030803),
	(297, 50333, 50336, 4030803),
	(298, 50334, 50336, 4030803),
	(299, 50335, 50336, 4030803),
	(300, 50336, 50336, 4030803),
	(301, 55051, 50336, 4030803),
	(302, 55052, 50336, 4030803),
	(303, 55053, 50336, 4030803),
	(304, 55054, 50336, 4030803),
	(305, 55055, 50336, 4030803),
	(306, 55056, 50336, 4030803),
	(307, 55057, 50336, 4030803),
	(308, 50211, 50336, 4070501),
	(309, 50212, 50336, 4070501),
	(310, 50213, 50336, 4070501),
	(311, 50214, 50336, 4070501),
	(312, 50331, 50336, 4070501),
	(313, 50332, 50336, 4070501),
	(314, 50333, 50336, 4070501),
	(315, 50334, 50336, 4070501),
	(316, 50335, 50336, 4070501),
	(317, 50336, 50336, 4070501),
	(318, 55051, 50336, 4070501),
	(319, 55052, 50336, 4070501),
	(320, 55053, 50336, 4070501),
	(321, 55054, 50336, 4070501),
	(322, 55055, 50336, 4070501),
	(323, 55056, 50336, 4070501),
	(324, 55057, 50336, 4070501),
	(1369, 50211, 55052, 4070503),
	(1370, 50211, 55054, 4020200),
	(1371, 50211, 55054, 4020400),
	(1372, 50211, 55054, 4029000),
	(1373, 50211, 55054, 4030100),
	(1374, 50211, 55054, 4030200),
	(1375, 50211, 55054, 4030500),
	(1376, 50211, 55054, 4040904),
	(1377, 50211, 55054, 4031600),
	(1378, 50211, 55054, 4039000),
	(1379, 50211, 55055, 4010100),
	(1380, 50211, 55055, 4010200),
	(1381, 50211, 55055, 4040100),
	(1382, 50211, 55055, 4040300),
	(1383, 50211, 55055, 4040600),
	(1384, 50211, 55055, 4040800),
	(1385, 50211, 55056, 4031500),
	(1386, 50211, 55056, 4050101),
	(1387, 50211, 55056, 4050102),
	(1388, 50211, 55056, 4050200),
	(1389, 50211, 55056, 4060101),
	(1390, 50211, 55056, 4060102),
	(1391, 50211, 55056, 4060200),
	(1392, 50211, 55056, 4060400),
	(1393, 50211, 55056, 4060500),
	(1394, 50211, 55056, 4060700),
	(1395, 50211, 55056, 4069000),
	(1396, 50212, 55052, 4070503),
	(1397, 50212, 55054, 4020200),
	(1398, 50212, 55054, 4020400),
	(1399, 50212, 55054, 4029000),
	(1400, 50212, 55054, 4030100),
	(1401, 50212, 55054, 4030200),
	(1402, 50212, 55054, 4030500),
	(1403, 50212, 55054, 4040904),
	(1404, 50212, 55054, 4031600),
	(1405, 50212, 55054, 4039000),
	(1406, 50212, 55055, 4010100),
	(1407, 50212, 55055, 4010200),
	(1408, 50212, 55055, 4040100),
	(1409, 50212, 55055, 4040300),
	(1410, 50212, 55055, 4040600),
	(1411, 50212, 55055, 4040800),
	(1412, 50212, 55056, 4031500),
	(1413, 50212, 55056, 4050101),
	(1414, 50212, 55056, 4050102),
	(1415, 50212, 55056, 4050200),
	(1416, 50212, 55056, 4060101),
	(1417, 50212, 55056, 4060102),
	(1418, 50212, 55056, 4060200),
	(1419, 50212, 55056, 4060400),
	(1420, 50212, 55056, 4060500),
	(1421, 50212, 55056, 4060700),
	(1422, 50212, 55056, 4069000),
	(1423, 50213, 55052, 4070503),
	(1424, 50213, 55054, 4020200),
	(1425, 50213, 55054, 4020400),
	(1426, 50213, 55054, 4029000),
	(1427, 50213, 55054, 4030100),
	(1428, 50213, 55054, 4030200),
	(1429, 50213, 55054, 4030500),
	(1430, 50213, 55054, 4040904),
	(1431, 50213, 55054, 4031600),
	(1432, 50213, 55054, 4039000),
	(1433, 50213, 55055, 4010100),
	(1434, 50213, 55055, 4010200),
	(1435, 50213, 55055, 4040100),
	(1436, 50213, 55055, 4040300),
	(1437, 50213, 55055, 4040600),
	(1438, 50213, 55055, 4040800),
	(1439, 50213, 55056, 4031500),
	(1440, 50213, 55056, 4050101),
	(1441, 50213, 55056, 4050102),
	(1442, 50213, 55056, 4050200),
	(1443, 50213, 55056, 4060101),
	(1444, 50213, 55056, 4060102),
	(1445, 50213, 55056, 4060200),
	(1446, 50213, 55056, 4060400),
	(1447, 50213, 55056, 4060500),
	(1448, 50213, 55056, 4060700),
	(1449, 50213, 55056, 4069000),
	(1450, 50214, 55052, 4070503),
	(1451, 50214, 55054, 4020200),
	(1452, 50214, 55054, 4020400),
	(1453, 50214, 55054, 4029000),
	(1454, 50214, 55054, 4030100),
	(1455, 50214, 55054, 4030200),
	(1456, 50214, 55054, 4030500),
	(1457, 50214, 55054, 4040904),
	(1458, 50214, 55054, 4031600),
	(1459, 50214, 55054, 4039000),
	(1460, 50214, 55055, 4010100),
	(1461, 50214, 55055, 4010200),
	(1462, 50214, 55055, 4040100),
	(1463, 50214, 55055, 4040300),
	(1464, 50214, 55055, 4040600),
	(1465, 50214, 55055, 4040800),
	(1466, 50214, 55056, 4031500),
	(1467, 50214, 55056, 4050101),
	(1468, 50214, 55056, 4050102),
	(1469, 50214, 55056, 4050200),
	(1470, 50214, 55056, 4060101),
	(1471, 50214, 55056, 4060102),
	(1472, 50214, 55056, 4060200),
	(1473, 50214, 55056, 4060400),
	(1474, 50214, 55056, 4060500),
	(1475, 50214, 55056, 4060700),
	(1476, 50214, 55056, 4069000),
	(1477, 50331, 55052, 4070503),
	(1478, 50331, 55054, 4020200),
	(1479, 50331, 55054, 4020400),
	(1480, 50331, 55054, 4029000),
	(1481, 50331, 55054, 4030100),
	(1482, 50331, 55054, 4030200),
	(1483, 50331, 55054, 4030500),
	(1484, 50331, 55054, 4040904),
	(1485, 50331, 55054, 4031600),
	(1486, 50331, 55054, 4039000),
	(1487, 50331, 55055, 4010100),
	(1488, 50331, 55055, 4010200),
	(1489, 50331, 55055, 4040100),
	(1490, 50331, 55055, 4040300),
	(1491, 50331, 55055, 4040600),
	(1492, 50331, 55055, 4040800),
	(1493, 50331, 55056, 4031500),
	(1494, 50331, 55056, 4050101),
	(1495, 50331, 55056, 4050102),
	(1496, 50331, 55056, 4050200),
	(1497, 50331, 55056, 4060101),
	(1498, 50331, 55056, 4060102),
	(1499, 50331, 55056, 4060200),
	(1500, 50331, 55056, 4060400),
	(1501, 50331, 55056, 4060500),
	(1502, 50331, 55056, 4060700),
	(1503, 50331, 55056, 4069000),
	(1504, 50332, 55052, 4070503),
	(1505, 50332, 55054, 4020200),
	(1506, 50332, 55054, 4020400),
	(1507, 50332, 55054, 4029000),
	(1508, 50332, 55054, 4030100),
	(1509, 50332, 55054, 4030200),
	(1510, 50332, 55054, 4030500),
	(1511, 50332, 55054, 4040904),
	(1512, 50332, 55054, 4031600),
	(1513, 50332, 55054, 4039000),
	(1514, 50332, 55055, 4010100),
	(1515, 50332, 55055, 4010200),
	(1516, 50332, 55055, 4040100),
	(1517, 50332, 55055, 4040300),
	(1518, 50332, 55055, 4040600),
	(1519, 50332, 55055, 4040800),
	(1520, 50332, 55056, 4031500),
	(1521, 50332, 55056, 4050101),
	(1522, 50332, 55056, 4050102),
	(1523, 50332, 55056, 4050200),
	(1524, 50332, 55056, 4060101),
	(1525, 50332, 55056, 4060102),
	(1526, 50332, 55056, 4060200),
	(1527, 50332, 55056, 4060400),
	(1528, 50332, 55056, 4060500),
	(1529, 50332, 55056, 4060700),
	(1530, 50332, 55056, 4069000),
	(1531, 50333, 55052, 4070503),
	(1532, 50333, 55054, 4020200),
	(1533, 50333, 55054, 4020400),
	(1534, 50333, 55054, 4029000),
	(1535, 50333, 55054, 4030100),
	(1536, 50333, 55054, 4030200),
	(1537, 50333, 55054, 4030500),
	(1538, 50333, 55054, 4040904),
	(1539, 50333, 55054, 4031600),
	(1540, 50333, 55054, 4039000),
	(1541, 50333, 55055, 4010100),
	(1542, 50333, 55055, 4010200),
	(1543, 50333, 55055, 4040100),
	(1544, 50333, 55055, 4040300),
	(1545, 50333, 55055, 4040600),
	(1546, 50333, 55055, 4040800),
	(1547, 50333, 55056, 4031500),
	(1548, 50333, 55056, 4050101),
	(1549, 50333, 55056, 4050102),
	(1550, 50333, 55056, 4050200),
	(1551, 50333, 55056, 4060101),
	(1552, 50333, 55056, 4060102),
	(1553, 50333, 55056, 4060200),
	(1554, 50333, 55056, 4060400),
	(1555, 50333, 55056, 4060500),
	(1556, 50333, 55056, 4060700),
	(1557, 50333, 55056, 4069000),
	(1558, 50334, 55052, 4070503),
	(1559, 50334, 55054, 4020200),
	(1560, 50334, 55054, 4020400),
	(1561, 50334, 55054, 4029000),
	(1562, 50334, 55054, 4030100),
	(1563, 50334, 55054, 4030200),
	(1564, 50334, 55054, 4030500),
	(1565, 50334, 55054, 4040904),
	(1566, 50334, 55054, 4031600),
	(1567, 50334, 55054, 4039000),
	(1568, 50334, 55055, 4010100),
	(1569, 50334, 55055, 4010200),
	(1570, 50334, 55055, 4040100),
	(1571, 50334, 55055, 4040300),
	(1572, 50334, 55055, 4040600),
	(1573, 50334, 55055, 4040800),
	(1574, 50334, 55056, 4031500),
	(1575, 50334, 55056, 4050101),
	(1576, 50334, 55056, 4050102),
	(1577, 50334, 55056, 4050200),
	(1578, 50334, 55056, 4060101),
	(1579, 50334, 55056, 4060102),
	(1580, 50334, 55056, 4060200),
	(1581, 50334, 55056, 4060400),
	(1582, 50334, 55056, 4060500),
	(1583, 50334, 55056, 4060700),
	(1584, 50334, 55056, 4069000),
	(1585, 50335, 55052, 4070503),
	(1586, 50335, 55054, 4020200),
	(1587, 50335, 55054, 4020400),
	(1588, 50335, 55054, 4029000),
	(1589, 50335, 55054, 4030100),
	(1590, 50335, 55054, 4030200),
	(1591, 50335, 55054, 4030500),
	(1592, 50335, 55054, 4040904),
	(1593, 50335, 55054, 4031600),
	(1594, 50335, 55054, 4039000),
	(1595, 50335, 55055, 4010100),
	(1596, 50335, 55055, 4010200),
	(1597, 50335, 55055, 4040100),
	(1598, 50335, 55055, 4040300),
	(1599, 50335, 55055, 4040600),
	(1600, 50335, 55055, 4040800),
	(1601, 50335, 55056, 4031500),
	(1602, 50335, 55056, 4050101),
	(1603, 50335, 55056, 4050102),
	(1604, 50335, 55056, 4050200),
	(1605, 50335, 55056, 4060101),
	(1606, 50335, 55056, 4060102),
	(1607, 50335, 55056, 4060200),
	(1608, 50335, 55056, 4060400),
	(1609, 50335, 55056, 4060500),
	(1610, 50335, 55056, 4060700),
	(1611, 50335, 55056, 4069000),
	(1612, 50336, 55052, 4070503),
	(1613, 50336, 55054, 4020200),
	(1614, 50336, 55054, 4020400),
	(1615, 50336, 55054, 4029000),
	(1616, 50336, 55054, 4030100),
	(1617, 50336, 55054, 4030200),
	(1618, 50336, 55054, 4030500),
	(1619, 50336, 55054, 4040904),
	(1620, 50336, 55054, 4031600),
	(1621, 50336, 55054, 4039000),
	(1622, 50336, 55055, 4010100),
	(1623, 50336, 55055, 4010200),
	(1624, 50336, 55055, 4040100),
	(1625, 50336, 55055, 4040300),
	(1626, 50336, 55055, 4040600),
	(1627, 50336, 55055, 4040800),
	(1628, 50336, 55056, 4031500),
	(1629, 50336, 55056, 4050101),
	(1630, 50336, 55056, 4050102),
	(1631, 50336, 55056, 4050200),
	(1632, 50336, 55056, 4060101),
	(1633, 50336, 55056, 4060102),
	(1634, 50336, 55056, 4060200),
	(1635, 50336, 55056, 4060400),
	(1636, 50336, 55056, 4060500),
	(1637, 50336, 55056, 4060700),
	(1638, 50336, 55056, 4069000),
	(1639, 55051, 55052, 4070503),
	(1640, 55051, 55054, 4020200),
	(1641, 55051, 55054, 4020400),
	(1642, 55051, 55054, 4029000),
	(1643, 55051, 55054, 4030100),
	(1644, 55051, 55054, 4030200),
	(1645, 55051, 55054, 4030500),
	(1646, 55051, 55054, 4040904),
	(1647, 55051, 55054, 4031600),
	(1648, 55051, 55054, 4039000),
	(1649, 55051, 55055, 4010100),
	(1650, 55051, 55055, 4010200),
	(1651, 55051, 55055, 4040100),
	(1652, 55051, 55055, 4040300),
	(1653, 55051, 55055, 4040600),
	(1654, 55051, 55055, 4040800),
	(1655, 55051, 55056, 4031500),
	(1656, 55051, 55056, 4050101),
	(1657, 55051, 55056, 4050102),
	(1658, 55051, 55056, 4050200),
	(1659, 55051, 55056, 4060101),
	(1660, 55051, 55056, 4060102),
	(1661, 55051, 55056, 4060200),
	(1662, 55051, 55056, 4060400),
	(1663, 55051, 55056, 4060500),
	(1664, 55051, 55056, 4060700),
	(1665, 55051, 55056, 4069000),
	(1666, 55052, 55052, 4070503),
	(1667, 55052, 55054, 4020200),
	(1668, 55052, 55054, 4020400),
	(1669, 55052, 55054, 4029000),
	(1670, 55052, 55054, 4030100),
	(1671, 55052, 55054, 4030200),
	(1672, 55052, 55054, 4030500),
	(1673, 55052, 55054, 4040904),
	(1674, 55052, 55054, 4031600),
	(1675, 55052, 55054, 4039000),
	(1676, 55052, 55055, 4010100),
	(1677, 55052, 55055, 4010200),
	(1678, 55052, 55055, 4040100),
	(1679, 55052, 55055, 4040300),
	(1680, 55052, 55055, 4040600),
	(1681, 55052, 55055, 4040800),
	(1682, 55052, 55056, 4031500),
	(1683, 55052, 55056, 4050101),
	(1684, 55052, 55056, 4050102),
	(1685, 55052, 55056, 4050200),
	(1686, 55052, 55056, 4060101),
	(1687, 55052, 55056, 4060102),
	(1688, 55052, 55056, 4060200),
	(1689, 55052, 55056, 4060400),
	(1690, 55052, 55056, 4060500),
	(1691, 55052, 55056, 4060700),
	(1692, 55052, 55056, 4069000),
	(1693, 55053, 55052, 4070503),
	(1694, 55053, 55054, 4020200),
	(1695, 55053, 55054, 4020400),
	(1696, 55053, 55054, 4029000),
	(1697, 55053, 55054, 4030100),
	(1698, 55053, 55054, 4030200),
	(1699, 55053, 55054, 4030500),
	(1700, 55053, 55054, 4040904),
	(1701, 55053, 55054, 4031600),
	(1702, 55053, 55054, 4039000),
	(1703, 55053, 55055, 4010100),
	(1704, 55053, 55055, 4010200),
	(1705, 55053, 55055, 4040100),
	(1706, 55053, 55055, 4040300),
	(1707, 55053, 55055, 4040600),
	(1708, 55053, 55055, 4040800),
	(1709, 55053, 55056, 4031500),
	(1710, 55053, 55056, 4050101),
	(1711, 55053, 55056, 4050102),
	(1712, 55053, 55056, 4050200),
	(1713, 55053, 55056, 4060101),
	(1714, 55053, 55056, 4060102),
	(1715, 55053, 55056, 4060200),
	(1716, 55053, 55056, 4060400),
	(1717, 55053, 55056, 4060500),
	(1718, 55053, 55056, 4060700),
	(1719, 55053, 55056, 4069000),
	(1720, 55054, 55052, 4070503),
	(1721, 55054, 55054, 4020200),
	(1722, 55054, 55054, 4020400),
	(1723, 55054, 55054, 4029000),
	(1724, 55054, 55054, 4030100),
	(1725, 55054, 55054, 4030200),
	(1726, 55054, 55054, 4030500),
	(1727, 55054, 55054, 4040904),
	(1728, 55054, 55054, 4031600),
	(1729, 55054, 55054, 4039000),
	(1730, 55054, 55055, 4010100),
	(1731, 55054, 55055, 4010200),
	(1732, 55054, 55055, 4040100),
	(1733, 55054, 55055, 4040300),
	(1734, 55054, 55055, 4040600),
	(1735, 55054, 55055, 4040800),
	(1736, 55054, 55056, 4031500),
	(1737, 55054, 55056, 4050101),
	(1738, 55054, 55056, 4050102),
	(1739, 55054, 55056, 4050200),
	(1740, 55054, 55056, 4060101),
	(1741, 55054, 55056, 4060102),
	(1742, 55054, 55056, 4060200),
	(1743, 55054, 55056, 4060400),
	(1744, 55054, 55056, 4060500),
	(1745, 55054, 55056, 4060700),
	(1746, 55054, 55056, 4069000),
	(1747, 55055, 55052, 4070503),
	(1748, 55055, 55054, 4020200),
	(1749, 55055, 55054, 4020400),
	(1750, 55055, 55054, 4029000),
	(1751, 55055, 55054, 4030100),
	(1752, 55055, 55054, 4030200),
	(1753, 55055, 55054, 4030500),
	(1754, 55055, 55054, 4040904),
	(1755, 55055, 55054, 4031600),
	(1756, 55055, 55054, 4039000),
	(1757, 55055, 55055, 4010100),
	(1758, 55055, 55055, 4010200),
	(1759, 55055, 55055, 4040100),
	(1760, 55055, 55055, 4040300),
	(1761, 55055, 55055, 4040600),
	(1762, 55055, 55055, 4040800),
	(1763, 55055, 55056, 4031500),
	(1764, 55055, 55056, 4050101),
	(1765, 55055, 55056, 4050102),
	(1766, 55055, 55056, 4050200),
	(1767, 55055, 55056, 4060101),
	(1768, 55055, 55056, 4060102),
	(1769, 55055, 55056, 4060200),
	(1770, 55055, 55056, 4060400),
	(1771, 55055, 55056, 4060500),
	(1772, 55055, 55056, 4060700),
	(1773, 55055, 55056, 4069000),
	(1774, 55056, 55052, 4070503),
	(1775, 55056, 55054, 4020200),
	(1776, 55056, 55054, 4020400),
	(1777, 55056, 55054, 4029000),
	(1778, 55056, 55054, 4030100),
	(1779, 55056, 55054, 4030200),
	(1780, 55056, 55054, 4030500),
	(1781, 55056, 55054, 4040904),
	(1782, 55056, 55054, 4031600),
	(1783, 55056, 55054, 4039000),
	(1784, 55056, 55055, 4010100),
	(1785, 55056, 55055, 4010200),
	(1786, 55056, 55055, 4040100),
	(1787, 55056, 55055, 4040300),
	(1788, 55056, 55055, 4040600),
	(1789, 55056, 55055, 4040800),
	(1790, 55056, 55056, 4031500),
	(1791, 55056, 55056, 4050101),
	(1792, 55056, 55056, 4050102),
	(1793, 55056, 55056, 4050200),
	(1794, 55056, 55056, 4060101),
	(1795, 55056, 55056, 4060102),
	(1796, 55056, 55056, 4060200),
	(1797, 55056, 55056, 4060400),
	(1798, 55056, 55056, 4060500),
	(1799, 55056, 55056, 4060700),
	(1800, 55056, 55056, 4069000),
	(1801, 55057, 55052, 4070503),
	(1802, 55057, 55054, 4020200),
	(1803, 55057, 55054, 4020400),
	(1804, 55057, 55054, 4029000),
	(1805, 55057, 55054, 4030100),
	(1806, 55057, 55054, 4030200),
	(1807, 55057, 55054, 4030500),
	(1808, 55057, 55054, 4040904),
	(1809, 55057, 55054, 4031600),
	(1810, 55057, 55054, 4039000),
	(1811, 55057, 55055, 4010100),
	(1812, 55057, 55055, 4010200),
	(1813, 55057, 55055, 4040100),
	(1814, 55057, 55055, 4040300),
	(1815, 55057, 55055, 4040600),
	(1816, 55057, 55055, 4040800),
	(1817, 55057, 55056, 4031500),
	(1818, 55057, 55056, 4050101),
	(1819, 55057, 55056, 4050102),
	(1820, 55057, 55056, 4050200),
	(1821, 55057, 55056, 4060101),
	(1822, 55057, 55056, 4060102),
	(1823, 55057, 55056, 4060200),
	(1824, 55057, 55056, 4060400),
	(1825, 55057, 55056, 4060500),
	(1826, 55057, 55056, 4060700),
	(1827, 55057, 55056, 4069000);
/*!40000 ALTER TABLE `cost_on_center` ENABLE KEYS */;


-- Zrzut struktury tabela axdb.cost_type
DROP TABLE IF EXISTS `cost_type`;
CREATE TABLE IF NOT EXISTS `cost_type` (
  `id_cost` int(10) unsigned NOT NULL,
  `cost_name` varchar(255) DEFAULT NULL,
  PRIMARY KEY (`id_cost`)
) ENGINE=InnoDB DEFAULT CHARSET=utf8;

-- Zrzucanie danych dla tabeli axdb.cost_type: ~82 rows (około)
DELETE FROM `cost_type`;
/*!40000 ALTER TABLE `cost_type` DISABLE KEYS */;
INSERT INTO `cost_type` (`id_cost`, `cost_name`) VALUES
	(4010100, 'Amortyzacja środków trwałych'),
	(4010200, 'Amortyzacja WNiP'),
	(4020100, 'Energia /elektryczna, woda, olej grzewczy'),
	(4020200, 'Materiały biurowe'),
	(4020301, 'Mat. Samochodowe - części, materiały'),
	(4020302, 'Mat. Samochodowe - paliwo'),
	(4020400, 'Wyposażenie i przemioty niskocenne'),
	(4020500, 'Materiały magazynowe'),
	(4020600, 'Materiały gospodarcze i środki czystości'),
	(4020700, 'Materiały promocyjne /nagrody, gratisy/'),
	(4020800, 'Materiały informacyjne /cenniki, wizytówki, koperty itp.'),
	(4020900, 'Materiały marketingowe i ekspozycyjne'),
	(4029000, 'Materiały pozostałe'),
	(4030100, 'Telefony, intenet'),
	(4030200, 'Poczta, kurier'),
	(4030300, 'Usługi bankowe'),
	(4030400, 'Usługi informatyczne'),
	(4030500, 'Usługi prawne i doradztwo'),
	(4030700, 'Remonty'),
	(4030704, 'Licencja Lyra'),
	(4030705, 'Licencja Memboards'),
	(4030801, 'Usługi samochodowe - naprawy'),
	(4030802, 'Usługi samochodowe - przeglądy'),
	(4030803, 'Usługi samochodowe - np. Myjnia, parking'),
	(4030901, 'Usługi komunalne'),
	(4030902, 'Dozór'),
	(4030903, 'Sprzątanie'),
	(4030905, 'Pozostałe usł. Zw. Z utrzymaniem obiektów'),
	(4031000, 'Usługi celne'),
	(4031101, 'Logistyka siecie'),
	(4031102, 'Transport do odbiorców'),
	(4031201, 'Premie pieniężne - bonusy warunkowe'),
	(4031202, 'Premie pieniężne = bonusy bezwarunkowe'),
	(4031301, 'Udział w katalogach i gazetkach'),
	(4031302, 'Promocje indywidualne'),
	(4031303, 'Ekspozycje'),
	(4031304, 'Udział w targach i piknikach'),
	(4031305, 'Pozostale usługi martekingowe'),
	(4031400, 'Merchandising'),
	(4031500, 'Outsourcing'),
	(4031600, 'Utylizacja i recycling odpadów'),
	(4031703, 'Licencja Subaru'),
	(4039000, 'Pozostałe usługi'),
	(4040100, 'Podatek od nieruchomości'),
	(4040200, 'Podatek od środków transportu'),
	(4040300, 'Opłata za wieczyste użytkowanie gruntów'),
	(4040400, 'Opłata środowiskowa'),
	(4040500, 'PFRON'),
	(4040600, 'Opłaty skarbowe, sądowe, inne'),
	(4040800, 'Podatek PCC'),
	(4040904, 'Przeglądy, konerwacyje'),
	(4050101, 'Wynagrodzenia z umowy o pracę - stałe'),
	(4050102, 'Wynagrodzenie z umowy o pracę - premia'),
	(4050200, 'Wynagrodzenie z umowy zlecenia i o dzieło'),
	(4060101, 'ZUS, FP, FGŚP - wynagrodzenie stałe'),
	(4060102, 'ZUS, FP, FGŚP - premie'),
	(4060200, 'ZUS, FP, FGŚP - umowy zlecenia i o dzieło'),
	(4060300, 'ZFŚS'),
	(4060400, 'BHP'),
	(4060500, 'Szkolenia pracowników'),
	(4060700, 'Usługi medyczne'),
	(4069000, 'Pozostałe świadczenia'),
	(4070101, 'Podróże służbowe - wyjazdy służbowe'),
	(4070102, 'Podróże służbowe - Targi, konferencje'),
	(4070201, 'Reprezent. - usł. Gastron., spotkania biznes.'),
	(4070202, 'Reprezent. - gadżety, upominki, kalendarze'),
	(4070301, 'Reklama - mat. Drukowane(katalogi, ulotki, plakaty)'),
	(4070302, 'Reklama i PR - POS / stojaki, woblery/'),
	(4070303, 'Reklama i PR - wzory i próbki wydawane'),
	(4070304, 'Reklama i PR - usługi reklamowe'),
	(4070306, 'Reklama i PR - prasa, internet, inne media'),
	(4070307, 'Reklama i PR - artykuly, konkursy, eventy'),
	(4070308, 'Pozostałe koszty DM'),
	(4070401, 'Marketing i prom. - szkolenia dla klientów'),
	(4070402, 'Marketing i prom. - imporezy i targi własne'),
	(4070403, 'Marketing i prom. - badania marketingowe'),
	(4070405, 'Obsługa promocji przez agencje'),
	(4070501, 'Ubezpieczenia samochodów'),
	(4070502, 'Ubezpieczenia majątkowe'),
	(4070503, 'Ubezpieczenia inne, obsługa należności'),
	(4070600, 'Pozostałe koszty handlowe'),
	(4079000, 'Inne koszty');
/*!40000 ALTER TABLE `cost_type` ENABLE KEYS */;


-- Zrzut struktury tabela axdb.market_type
DROP TABLE IF EXISTS `market_type`;
CREATE TABLE IF NOT EXISTS `market_type` (
  `id_type` int(10) unsigned NOT NULL,
  `type_name` varchar(255) DEFAULT NULL,
  PRIMARY KEY (`id_type`)
) ENGINE=InnoDB DEFAULT CHARSET=utf8;

-- Zrzucanie danych dla tabeli axdb.market_type: ~7 rows (około)
DELETE FROM `market_type`;
/*!40000 ALTER TABLE `market_type` DISABLE KEYS */;
INSERT INTO `market_type` (`id_type`, `type_name`) VALUES
	(730111, 'Rynek Tradycyjny'),
	(730112, 'Rynek Tradycyjny - specjaliści'),
	(730121, 'Rynek Nowoczesny (730-12) Sieci'),
	(730122, 'Rynek Nowoczesny (730-12) Biuroserwisy'),
	(730123, 'Rynek Nowoczesny (730-12) Internet'),
	(730131, 'S. Zagraniczna (730-13)'),
	(730132, 'S. Zagraniczna OEM (730-13)');
/*!40000 ALTER TABLE `market_type` ENABLE KEYS */;


-- Zrzut struktury tabela axdb.planned_costs
DROP TABLE IF EXISTS `planned_costs`;
CREATE TABLE IF NOT EXISTS `planned_costs` (
  `idCosts` int(10) unsigned NOT NULL AUTO_INCREMENT,
  `cost_type_id_cost` int(10) unsigned NOT NULL,
  `cost_center_id_center` int(10) unsigned NOT NULL,
  `onYear` int(10) unsigned NOT NULL,
  `onMonth` int(10) unsigned NOT NULL,
  `value` double NOT NULL,
  `verssion` varchar(255) NOT NULL,
  PRIMARY KEY (`idCosts`),
  KEY `cost_planned` (`cost_type_id_cost`),
  KEY `center_planned` (`cost_center_id_center`),
  CONSTRAINT `center_planned` FOREIGN KEY (`cost_center_id_center`) REFERENCES `cost_center` (`id_center`),
  CONSTRAINT `cost_planned` FOREIGN KEY (`cost_type_id_cost`) REFERENCES `cost_type` (`id_cost`)
) ENGINE=InnoDB DEFAULT CHARSET=latin1;

-- Zrzucanie danych dla tabeli axdb.planned_costs: ~0 rows (około)
DELETE FROM `planned_costs`;
/*!40000 ALTER TABLE `planned_costs` DISABLE KEYS */;
/*!40000 ALTER TABLE `planned_costs` ENABLE KEYS */;


-- Zrzut struktury tabela axdb.realized_costs
DROP TABLE IF EXISTS `realized_costs`;
CREATE TABLE IF NOT EXISTS `realized_costs` (
  `idCosts` int(10) unsigned NOT NULL AUTO_INCREMENT,
  `cost_type_id_cost` int(10) unsigned NOT NULL,
  `cost_center_id_center` int(10) unsigned NOT NULL,
  `onYear` int(10) unsigned NOT NULL,
  `onMonth` int(10) unsigned NOT NULL,
  `value` double NOT NULL,
  PRIMARY KEY (`idCosts`),
  KEY `cost_realized` (`cost_type_id_cost`),
  KEY `center_realized` (`cost_center_id_center`),
  CONSTRAINT `center_realized` FOREIGN KEY (`cost_center_id_center`) REFERENCES `cost_center` (`id_center`),
  CONSTRAINT `cost_realized` FOREIGN KEY (`cost_type_id_cost`) REFERENCES `cost_type` (`id_cost`)
) ENGINE=InnoDB DEFAULT CHARSET=latin1;

-- Zrzucanie danych dla tabeli axdb.realized_costs: ~0 rows (około)
DELETE FROM `realized_costs`;
/*!40000 ALTER TABLE `realized_costs` DISABLE KEYS */;
/*!40000 ALTER TABLE `realized_costs` ENABLE KEYS */;


-- Zrzut struktury tabela axdb.revenues
DROP TABLE IF EXISTS `revenues`;
CREATE TABLE IF NOT EXISTS `revenues` (
  `id_revenues` int(10) unsigned NOT NULL,
  `id_type` int(10) unsigned NOT NULL,
  `id_brands` int(10) unsigned NOT NULL,
  `r_year` int(10) unsigned DEFAULT NULL,
  `r_month` int(10) unsigned DEFAULT NULL,
  `value` double DEFAULT NULL,
  PRIMARY KEY (`id_revenues`)
) ENGINE=InnoDB DEFAULT CHARSET=latin1;

-- Zrzucanie danych dla tabeli axdb.revenues: ~0 rows (około)
DELETE FROM `revenues`;
/*!40000 ALTER TABLE `revenues` DISABLE KEYS */;
/*!40000 ALTER TABLE `revenues` ENABLE KEYS */;
/*!40101 SET SQL_MODE=IFNULL(@OLD_SQL_MODE, '') */;
/*!40014 SET FOREIGN_KEY_CHECKS=IF(@OLD_FOREIGN_KEY_CHECKS IS NULL, 1, @OLD_FOREIGN_KEY_CHECKS) */;
/*!40101 SET CHARACTER_SET_CLIENT=@OLD_CHARACTER_SET_CLIENT */;
